CP,Unicode Name,Via Character Name
0021 + 20DD,Exclamation Mark + Combining Enclosing Circle,Momoiro Clover Z Attention Icon
2015,Horizontal Bar,Momoiro Clover Z Minus Sign
2190,Leftwards Arrow,Momoiro Clover Z Arrow Left
2192,Rightwards Arrow,Momoiro Clover Z Arrow Right
226B,Much Greater-Than,Momoiro Clover Z News List Arrow
FF0B,Fullwidth Plus Sign,Momoiro Clover Z Plus Sign
1D54F,Mathematical Double-Struck Capital X,Momoiro Clover Z X Icon
1F195,Squared New,Momoiro Clover Z New Icon
F3700 + 200D + 2B1B,Momoiro Clover Z Official Logo + Zero With Joiner + Black Large Square,Momoiro Clover Z Official Logo Black
F4FD1,Peprit Girls-Momoiro Clover Z Instagram Icon,Momoiro Clover Z Instagram Icon
